text,hate_label,source,profanity_score,language,dataset_version,combined_date,text_length,word_count
"Knowing ki Vikas kitna samjhata hai Priyanka aur Itch Guard Luv ko, usne bola tha Ben wali baat me ab Sallu ne bhi agree kiya!",0,hate_speech_tsv,0,hinglish,v1.0,2025-09-11,126,25
I am Muhajir .. Aur mere lye sab se Pehly Pakistan he .. agr 10 lakh Altaf Jese leaders bh is zameen ki behurmati kren un sbko sar e aam phansi Deni chahye .. Proud to be a #Muhajir and #Pakistani,0,hate_speech_tsv,0,hinglish,v1.0,2025-09-11,196,41
"Doctor  sab sahi me ke PhD (in hate politics) wale. Bhai padhe likhe ho fir kyu ye sab baate karte ho. Tum bas bowling  khelo, aur maje lo. pic.twitter.com/fk1qUbQstw",0,hate_speech_tsv,0,hinglish,v1.0,2025-09-11,166,29
"Poore Desh me Patel OBC me aate Hain sirf gujrat Ko chor kar may be, ye manuwadiyon bramanwadi kabhi aapko aarackchan nahi denge ye to jis OBC Ko Mila hai usse bhi nafrat karte hain ye khoon aur chamdi ka frak karne waale bharmhanwadi kisi ke sage nahi hain",0,hate_speech_tsv,0,hinglish,v1.0,2025-09-11,257,49
"Sarkar banne ke bad Hindu hit me ek bhi faisla Jo bjp ke dwara liya gaya ho,bjp ko  gay,gobar,mandir,masjid aur nafrat faila kar vot chahiye",1,hate_speech_tsv,0,hinglish,v1.0,2025-09-11,140,25
Hate it jab test ata ho phr bh acha na ho -.-,1,hate_speech_tsv,0,hinglish,v1.0,2025-09-11,45,12
Ek dil ek jaan akal ke imitihaan kal KP ke rape aur sawing between two legs after rape honge justified due to cinematic liberty aaj toh Rajput ki ho gayi shaan urdu ki gulaam,0,hate_speech_tsv,0,hinglish,v1.0,2025-09-11,174,34
Aise logo se sakht nafrat karta hu Jo caste ko naam ke sath jod ke chaude hote h but real me vo piddu hote h,1,hate_speech_tsv,0,hinglish,v1.0,2025-09-11,108,25
"Sir, jyada sentimental mat ho jao peene ke baad.Jiss desh ki buniyad sirf Hindu hatred pe hui ho woh kabhi nahi sudrega. Aap POK de do yaa phir Kabootar udao, jawab sirf goliyon se milega....",1,hate_speech_tsv,0,hinglish,v1.0,2025-09-11,191,35
I am very sorry to say saaf dil shilpa ke fans hiten ke dil mein kya hai woh bhi samjhte hain hadh hoti hai nafrat ki bhi,0,hate_speech_tsv,0,hinglish,v1.0,2025-09-11,121,27
"Madam,Bahut sochsamajhkr Mai ESS tarq pe purey42mahino mei pahucha hoon k Asli wajah ""MUSLIM Hatred""hai Jo kabi,Partition,RamTemple,GauMata,BharatMaataKiJai, VandeMatram, Raastragan, Pak Premi,Gaddaar,Bachche jyada ,5Bibiya25Bachche k safar tai karte Huey TAJMAHAL p jake atka hai",0,hate_speech_tsv,0,hinglish,v1.0,2025-09-11,280,33
I hate sapna yaar Coz khud ko toh chalana aati nae aur hum agar tez chalaenge toh tokna shru  dheere se chalao .....  https://twitter.com/znb_abbasi/status/929388980965203968 …,1,hate_speech_tsv,0,hinglish,v1.0,2025-09-11,176,25
"Ha rem  """" emoji I hate this emoji! Mujhe nagini ki hi yaad aati Hai",0,hate_speech_tsv,0,hinglish,v1.0,2025-09-11,68,15
Hate heena..... too much irritating n bat karne ka tamiz nhi hai unme....sab ko insult karna ati hai unko.....bas aur kuch nhi ati hai.....bohot insecure hai wo ladki....,1,hate_speech_tsv,0,hinglish,v1.0,2025-09-11,170,28
Sir apki fav kon hai iss seasn mai??,0,hate_speech_tsv,0,hinglish,v1.0,2025-09-11,36,8
Mehanat to school me copy karke likhne me b lagti hai fir illegal kyu? Atanki ko b lagti hai fir nafrat kyu? Paise lekar ghar ki aurato ka smman bech doge kya paise aur mehanat ke liye aap?,0,hate_speech_tsv,0,hinglish,v1.0,2025-09-11,189,38
"Ladla wo hay jo fard jurm kay bad bhi girftar nahi hota, money trail nahi deta aur saza nahi milti, 14 murder karta hay aur phansi nahi lagti.",0,hate_speech_tsv,0,hinglish,v1.0,2025-09-11,142,28
aur ye barun ka comeback show tha. koi q nahi dekhna chahega? lekin fir b nahi dekh paye... mai shivani ko q hate karu? muze uski acting nahi achchi lagi. jo muze laga wo maine kaha. wo mera opinion hai.,0,hate_speech_tsv,0,hinglish,v1.0,2025-09-11,203,40
Sir ji ab ye possible nahi hai bahut nafrat hai dono or ab ek hi rasta hai sarhad ke lakir ko mita kar hi ye khatam ho sakta hai jinna sahab to mar gaye or neharu ji bhi ab fir se ek kartay hai dono mulk ko @chintskap akhand bharat ek bharathttps://twitter.com/chintskap/status/929429458188091392 …,0,hate_speech_tsv,0,hinglish,v1.0,2025-09-11,298,53
"Code phatta hai toh phatne do, Mujhe project se nafrat ho gayi hai, Mujhe development team se hatne do",1,hate_speech_tsv,0,hinglish,v1.0,2025-09-11,102,19
Arsi bahar jani chahiye.... I hate arsi khan,1,hate_speech_tsv,0,hinglish,v1.0,2025-09-11,44,8
Achha bta diya hum n show hi nhi dekha tha. Khbri krta kuch ni sirf mAA bnta h kr hina ko hate.,0,hate_speech_tsv,0,hinglish,v1.0,2025-09-11,95,22
"Karachi say agencies panjabi, pathano ko qatal kerkay onki lashain gaoon bhaijti hain takey mohajiro kaykhilaf nafrat paida ho",1,hate_speech_tsv,0,hinglish,v1.0,2025-09-11,126,19
Kaahe ke Hindu bhamhanwadi se nafrat hai bus,0,hate_speech_tsv,0,hinglish,v1.0,2025-09-11,44,8
aj arshi ne jo laat eske pichwade mei mari thi wo photo twit kro bhai juldi se.,0,hate_speech_tsv,0,hinglish,v1.0,2025-09-11,79,17
Ar tag kro ki kon-kon esh hyena ko munh mei haddi dalna chahta h ya laat marna arshi ki trh.,0,hate_speech_tsv,0,hinglish,v1.0,2025-09-11,92,20
Gf khoon peene k liye hoti hai aur apne babu ko thana thilane k liye bas,0,hate_speech_tsv,0,hinglish,v1.0,2025-09-11,72,16
Haa bhai. Ye chutiye log ki hatred apni liye milan ki bela ban k aayi hai. Lets screw this haters!! @addiadn1989 #WeSupportPadmavati,1,hate_speech_tsv,0,hinglish,v1.0,2025-09-11,132,22
Abe bigg boss show me baki contestants bhi hai un se related news deta nhi...sirf sari updates hina se related deta hai...wo bhi hate wali...khabari hai bakri chabar chabar karta rehta hina k bare me,0,hate_speech_tsv,0,hinglish,v1.0,2025-09-11,199,35
Stone Miracle of Hazrat Imam Hussain (RA) | Wo Pathar Jis Se Abhi Tak Khoon Behta Hai: http://youtu.be/9Kh_U6kZmqM?a  via @YouTube,0,hate_speech_tsv,0,hinglish,v1.0,2025-09-11,130,20
Pappu ka ye saja phansi se kam nahi,0,hate_speech_tsv,0,hinglish,v1.0,2025-09-11,35,8
Sir phansi nahi. .. sirf looted money wapas chaiya,0,hate_speech_tsv,0,hinglish,v1.0,2025-09-11,50,9
"Bhai, ye log honour killing mein vishwas rakhne walo me se hain, khud dusri ki beheno ko din raat chedege, kisine inki behen pe tippani bhi kardi toh murder vegere ki dhamki dete hain",1,hate_speech_tsv,0,hinglish,v1.0,2025-09-11,183,34
Aap log kabhi America ki dalali karto kabhi nafrat,0,hate_speech_tsv,0,hinglish,v1.0,2025-09-11,50,9
Agar isse love kehte toh hum jo karte usse kya hate?  @ChawalaRiya @Yashika12_K9https://twitter.com/DrrrSanket/status/928631679995879424 …,0,hate_speech_tsv,0,hinglish,v1.0,2025-09-11,138,14
bc pehli baar kisne hail hitler kaha hai nahi toh #adolfhitler ko sab sadakchaap wala gaaliyan dete hai,0,hate_speech_tsv,0,hinglish,v1.0,2025-09-11,103,18
#Narendra modi u r a hopeless PM... Apne garib ko maar daala...... I hate u.... Sirf aap bol bacchan dete ho karte kuch bhi nhi...... U r fake person,1,hate_speech_tsv,0,hinglish,v1.0,2025-09-11,149,29
Provinces or Banana to achi baat hay. Magar Pakistani bun Jana to Fakhar ki baat hui na. Baat baat p nafrat. Achi nahi,0,hate_speech_tsv,0,hinglish,v1.0,2025-09-11,118,23
Acha tou un per quota system laga? Ya unko punjab say baher nikala jaisay mohajiron ko nikala intr sindh say? Unki industry nationalise hoi? Unko punjabion nay nafrat say pukra jaisay sindhi pukarty thy? Punjab ny unko qabool kia lakin sindhi ny hum ko nahi qabol kia,0,hate_speech_tsv,0,hinglish,v1.0,2025-09-11,267,47
Bhutto Sb juke nahi phansi char gaye...Niazi se kaho mafi nama wapis le kar phansi char jaye phir maanoo or gande message bi chorne pare ge,0,hate_speech_tsv,0,hinglish,v1.0,2025-09-11,139,26
Pervez musharraf ...Nawaz shareef ki tarhan haramkhoor choor aur awan ka paisa lotnay wala nahe tha atleast.. Haramkhoor nawaz shareef ko phansi do moto gang k sath,0,hate_speech_tsv,0,hinglish,v1.0,2025-09-11,164,27
Jis country me sab se kam rape hote hn wahan ka qanoon laagu hona chahiye india me. Tabhi in darindo ka kuch ilaaj ho sakta hai.,0,hate_speech_tsv,0,hinglish,v1.0,2025-09-11,128,26
Dont hate. You nanhi si jaan. Aur ek tu woh b,0,hate_speech_tsv,0,hinglish,v1.0,2025-09-11,45,11
mujhe to dono se hi nafrat he. par BJP se mujhe itni nafrat he Zindagi me ise vote nhi dunga. kyonki ye party vote ke laayak hi nhi he.,1,hate_speech_tsv,0,hinglish,v1.0,2025-09-11,135,29
Ye shocked h Kya Lat padi h ise Arshi se jabardast.....Or khana khayegi n zillat ke laddu Salman ne bhijwa diye,0,hate_speech_tsv,0,hinglish,v1.0,2025-09-11,111,21
Haha farzi hatred spreading moron @shaileshgam  blocked me.....,0,hate_speech_tsv,0,hinglish,v1.0,2025-09-11,63,8
ye vidya salman se bhut bdi celebrity h.,0,hate_speech_tsv,0,hinglish,v1.0,2025-09-11,40,8
Ajkaal to usse achcha kaha jata hai jo dr ahmed ya tarek fatah jaise mahapurusoko dil wo jaan se mante hai..ye nafrat pahelane log apke guru ho sakte mera nahi..mere liye vivekanand jaise sakshiat jo kahete the hindu ya muslim her indians are my brother,0,hate_speech_tsv,0,hinglish,v1.0,2025-09-11,253,45
"as a akshra i hate hina khan ,,but jaise hi usne is ghar m apne aap ko dikhaya hai ,,i respct her ,,bhai kitna bhi galti karlo bandi apne aapko sahi proof kar deti hai ..waah or jinko footage chaea wo hina hina karte rahte hai ,,hina kis kis ko palegi show m.apni image banao sab",1,hate_speech_tsv,0,hinglish,v1.0,2025-09-11,279,56
Salman bahut bda chutiya h. ..sirf shilpa ka side leta h.  Kaaaminaaaa....phone pe bhe shilpa se baat kia.   Chutiya.  I hate this biased show ...abe dhang se host kr.    Isbar unfair #LuvTyagi #eyehinakhan #ipriyanksharma,1,hate_speech_tsv,0,hinglish,v1.0,2025-09-11,222,34
Aayega jab take alia ki shaadi age pass aayegi kyuki alia said 30ki hoote hi won shaadi kargi varun bhi kitna kutta hai Natasha ka shaadi ka spna this alia ke saath shaadi ki baat paaki kar ki hate varun alia sid please career pe focus karo aue alia ke banner se film mat karo,1,hate_speech_tsv,0,hinglish,v1.0,2025-09-11,276,55
"mahajiron se kisi ko bhe nafrat nahe hai,mostly log mohajiron ki tragedy ko samjhte hain.aur ,but altaf husain ne qatal o gharatkar ke mohajir cause ko badnaam kar dia hai.",0,hate_speech_tsv,0,hinglish,v1.0,2025-09-11,172,30
Haan hm tilak dekr chhod dete hain jalate nahin hain orton ko ya kisi baba ko rape krne ke liye nahin dete hain,0,hate_speech_tsv,0,hinglish,v1.0,2025-09-11,111,23
Pata nahi log kyun rape karte he farziwal ke sarkar me har 1 km par spa khula he aap bhi add kar do rape kam hi jayenge,0,hate_speech_tsv,0,hinglish,v1.0,2025-09-11,119,27
"Ye kasisi sacchai Hai RSS wale Bomb banate Hai aur media Raafiya Naaz ko lekar Muslmano ke khilaf zaher ugalta Hai kub Tak aisa chalega,",1,hate_speech_tsv,0,hinglish,v1.0,2025-09-11,136,25
apne personal hatred k liye srk ka nam badnam kr rhe hai chutiye...bhakts ko support kaise kr sakta hai koi lolll,0,hate_speech_tsv,0,hinglish,v1.0,2025-09-11,113,21
Red sy kyunky red tumhe meray khoon ki yaad dilay ga <3,0,hate_speech_tsv,0,hinglish,v1.0,2025-09-11,55,12
"is ghar main apko jis insan se nafrat ho samjh lo wo insan nafrat ke layak nahi hai balki izzat ke layak hai ,or jisko dekhke izzat ka dil kare samjh lo wo bahrupiya hai ,,ye is ghar ki khasiyat hai ..3 people are real..sapna akash or hina.baki sab fake or banwti hai. #BB11",0,hate_speech_tsv,0,hinglish,v1.0,2025-09-11,274,54
Ek  Ara ke Bjp ke jila mahamantri  Sh.Dhirendra singh se sare aam Road chaap leader Surendra singh or uske bodyguard Rinku singh murder karne ke udeshye se aa kar maarvkar chala jata hai .or Hamari BJP ke karya karta aise hi baithe hai.kal ye ghatna aap or Hum  .,0,hate_speech_tsv,0,hinglish,v1.0,2025-09-11,263,49
Pichle 2 month se jio ka net 50K/s se jyada jata bhi nahi hai kuch bhi online dekhe to buffering ke bina sambhav hi nahi hai,0,hate_speech_tsv,0,hinglish,v1.0,2025-09-11,124,26
4G bolkar 2G ka speed mil raha hai ye sara sar dokha hai .I hate jio,1,hate_speech_tsv,0,hinglish,v1.0,2025-09-11,68,16
tujhe murder kar dungi main!,1,hate_speech_tsv,0,hinglish,v1.0,2025-09-11,28,5
I hate weddings ye madrchod log 1 ghante se ghar k niche dhol baja rhe h,1,hate_speech_tsv,0,hinglish,v1.0,2025-09-11,72,16
Haan khuch log to twtr se v murder kr shakte hain apni ghatiya tweets se aayi,0,hate_speech_tsv,0,hinglish,v1.0,2025-09-11,77,16
Humidity ka kam tu mat kar rape hua he bhi ki ni 95%case jhut hote he fashion ban gaya he ye fasal mota kamao tum chutya media ki vajah se,0,hate_speech_tsv,0,hinglish,v1.0,2025-09-11,138,30
"Hina apni galti manane ko tayar hi nahi hoti.wo hai kya ki usko itna ghamand hai,sabko bolti hai ye mera class nahi,fake lady,arshi bahut acchi hai is heena se,I hate her",1,hate_speech_tsv,0,hinglish,v1.0,2025-09-11,170,31
Jis par nitiyo he wahi janta he ye media bhenchod rape rape chillata he sach kutch or hota he isiliye.Aropi ladki jhute fasa deti he 95%forg,1,hate_speech_tsv,0,hinglish,v1.0,2025-09-11,140,26
"Chatukarta ke baare me to Maine Suna hai BJP ne ab tak ke saare record tor diye lab ke. Ab to Pehchaan hi yahi hai DOOSRI buri zubaan, gaaliyan aur sachchayee, imaandaari aur aqal se nafrat.",0,hate_speech_tsv,0,hinglish,v1.0,2025-09-11,190,36
Saheb 60 sal.Kyabhutta. bun rahe tha or. Kabhi cort nahi gaye ho pahle pata karo rape ke 95%case forge hote he tum jaise media kanon banwaya,0,hate_speech_tsv,0,hinglish,v1.0,2025-09-11,140,26
lol true kuy ki uski jo awwam haina jo is duniya se bhaar jaha se jaadu aaya tha vha ke log aise krte hai aur khud buddhi hai aur dusro ko bolti kitna makeup krti hai khud asli pic dekh legi na jiss deen khud se nafrat krne lagi arshi,1,hate_speech_tsv,0,hinglish,v1.0,2025-09-11,234,50
@JioCare mere aria me jio ka speed 50K/s se jyada  milta hi nahi hai .Aisa sambhav hi nahi hai ki bina buffering ka koi video online dekh le,0,hate_speech_tsv,0,hinglish,v1.0,2025-09-11,140,28
4G ke naam par 2G mil raha kai,0,hate_speech_tsv,0,hinglish,v1.0,2025-09-11,30,8
Aisa hi raha to recharge samapt hone ke baad jio chor kar kisi aur me chale jayege,0,hate_speech_tsv,0,hinglish,v1.0,2025-09-11,82,17
"Sanitary Napkin bhi sasti ho gayi Pahan le , Bahut khoon fek raha tum logo ki dukan se",0,hate_speech_tsv,0,hinglish,v1.0,2025-09-11,86,18
Aaj to Salman bhi chupke se bol Gaye k I hate Hina and agree with #Arshi fir bhi Hina k andhe bhakto ko dhik nhi raha,0,hate_speech_tsv,0,hinglish,v1.0,2025-09-11,117,26
"Sabhi jagah to media wale nafrat or jhgde to faila hi rhe hai ,ab logo k ghar me v suru ho gye",0,hate_speech_tsv,0,hinglish,v1.0,2025-09-11,94,22
30 saal Punjab ki awam ka khoon choosnay walay Sharif brothers aaj Tak saverage ka nizam theak nai kar sakay..,0,hate_speech_tsv,0,hinglish,v1.0,2025-09-11,110,20
#Hina ko main dekhna or Soonna pasand Nahi karta I hate #HinaKhan,1,hate_speech_tsv,0,hinglish,v1.0,2025-09-11,65,12
Tujhe nafrat hoti hai na pando se.. Tu bhi pandi hi hai.. Ek kaam kr.. Ek baap ki aulaad hai to ek dalit se shadi krio. Dekhte hain ki tujhe sirf yahan publicity chahiye ya tu sacchi h.. Mai ek dalit se pyar krta hu aur shadi bhi krunga usise.,1,hate_speech_tsv,0,hinglish,v1.0,2025-09-11,243,50
What's wrong with Sapna... Samjhti kya hai... After Hina I hate her... Kitna attitude hai... Karna kuch nahi hai bas bakwas karni hai.... #BB11,1,hate_speech_tsv,0,hinglish,v1.0,2025-09-11,143,24
Har election ke pahiley Janta ke samne kuch tukde fenk diye hate hain,0,hate_speech_tsv,0,hinglish,v1.0,2025-09-11,69,13
Mera Khoon khaula tha q ki wo movie Boycott Khan ki wajah se hui thi aur Ye Rajpoot ki wajah se...,1,hate_speech_tsv,0,hinglish,v1.0,2025-09-11,98,21
I hate this Sapna so much  itna ghamand kisliye bhai?,1,hate_speech_tsv,0,hinglish,v1.0,2025-09-11,53,10
Bhai ji aap ko Kya karna hai birthday manaye ya nhi manaye...aap apna kaam theek se toh karna sheekho..jhut or jumlaa aap k khoon mai hai,0,hate_speech_tsv,0,hinglish,v1.0,2025-09-11,137,26
Hina ne Shilpa ji ko kitna Acha Bola hai ki humare profession main make-up lagana padta hai aapki aadat chhoot gayi hogi,0,hate_speech_tsv,0,hinglish,v1.0,2025-09-11,120,22
Padmavati Ka Dusra Khoon Sunkar Kano Se Khoon Nikalne Waala Aur Deepika Ko Dekhte Hi Vomiting. Koi Itni Ugly Kesi Dikh Sakti Hai Bhai.,0,hate_speech_tsv,0,hinglish,v1.0,2025-09-11,134,24
Arshe jaisii Gandi tho nahi hai hina...we love hina we hate Arshi n Akash,1,hate_speech_tsv,0,hinglish,v1.0,2025-09-11,73,14
"Punjabion ne Punjabion ko maara. Isliye nahi jataya aap ne. Kisi ne nahin kaha tha apne hi zaat paat muhallay ki aurton ka rape karo, kisi ne nahin kaha tha aik doosre ke talwaaron se shaheed kar do. Ab is main koi aur kia kare jo Punjabion ne khud aik doosre ke saath kia? https://twitter.com/samar_abc/status/929395873695617024 …",0,hate_speech_tsv,0,hinglish,v1.0,2025-09-11,331,56
Bhai wo hate story ki stages hoti hn..,0,hate_speech_tsv,0,hinglish,v1.0,2025-09-11,38,8
Bohat hi fazool. college se sakht nafrat hai. Mujhe 10th ki chuttiyan wapis la do,1,hate_speech_tsv,0,hinglish,v1.0,2025-09-11,81,15
@deepikapadukone ne SRK ko attitude dikhaya tha.,0,hate_speech_tsv,0,hinglish,v1.0,2025-09-11,48,7
Better hai sab milke kuch accha socho acchi sarkar yuva sarkar banao kuch progress karo milke jisse desh ki taraqqi ho.,0,hate_speech_tsv,0,hinglish,v1.0,2025-09-11,119,21
"Bhai movie nai Dekhi par Sanjay Leela ko jaante hai, aapko agar pata hota kei ye Saab raajput se nafrat kyu krte hai or ek baar nai ye apni kai filmo me raajput o ko nicha dikhane ka koi moka nai chodte. To aap ye bakwaas nai krte",0,hate_speech_tsv,0,hinglish,v1.0,2025-09-11,230,48
"Lol maine pura thread kiya tha, wo dekha nai? KARMA IS REAL.",0,hate_speech_tsv,0,hinglish,v1.0,2025-09-11,60,12
LEKIN TUM SAB LOG PERSONAL HATE KI WAJAH SE CHUTIYAPA KARTE HO,0,hate_speech_tsv,0,hinglish,v1.0,2025-09-11,62,12
Se Cancer K Mareez K Elaj Karwane Lahor Jane Wale Mutadid Sheri Panjab Poliec K Hate Chad Gai.,0,hate_speech_tsv,0,hinglish,v1.0,2025-09-11,94,18
Mai bahut respect kar Tha @deepikapadukone ko Dilwale k phele Tak jab usne  #ChallengeAccepted ka tweet dala tabse aj tak hate h hate krta Hun aur karta Rahunga (Kismat badi kutti cheez hai saali kabhi bhi palat jaati hai) Kabhi nhi bholunga jab Tak h jan,0,hate_speech_tsv,0,hinglish,v1.0,2025-09-11,255,46
"Ye deekho ek aur farzi rashtravadi.. isko Muslims ka cencus yaad hoga aur pure world ka history bata dega, Islam majority = Terrorism & Non secular, yahi samjayega.. Hindu bachao yahi chilayega.. hahaha https://twitter.com/Atheist_Krishna/status/929392383912845312 …",0,hate_speech_tsv,0,hinglish,v1.0,2025-09-11,266,35
Koii School ka Imtihaan Nhi,0,hate_speech_tsv,0,hinglish,v1.0,2025-09-11,27,5
"Fir bhi Hindu Terrorism secular logonko najar ata hai aur Yoga me communalism & safronisation! Unka Yoga virodh hindu virodh nahi, secularism & shanti sandesh samazna chahiye! https://twitter.com/pooja303singh/status/929223222356271104 …",0,hate_speech_tsv,0,hinglish,v1.0,2025-09-11,237,29
"Ravish SACHCHA suchcha journalist hai. AUR BJP KO SACHCHE, IMAANDAARI AUR BUDHDHIJEEVI, INTELLIGENT AUR ACHHE LOGON SE NAFRAT HAI. EXTRA ORDINARY LOUD VOICE AUR ZEHREELE SHABD ISTEMAAL KARENGE.HAR WAQT GUSSIE ME RAHENGE.YE KYA SANSKAAR,LARISA CULTURE HAI.BURE LOG. BURI SOC.",0,hate_speech_tsv,0,hinglish,v1.0,2025-09-11,274,39
Oooo hello jo bhi serial dekhke hina ke fan the wo sab log aaj hina ho hate karne lage he 60% log ab samaj lo tum hi.n salmanji ne bhi aaj hina ki bajai lagta he dekha nahi he. Kutti he hina,0,hate_speech_tsv,0,hinglish,v1.0,2025-09-11,190,42
Tum Ne Dekha Ho Ga K Kanta Lagny Per Log Phool Ko B Phenk Dety  Hain .Love U.....,0,hate_speech_tsv,0,hinglish,v1.0,2025-09-11,81,18
Ham likhte hi aisa hai ki khoon garam ho jaae! Khikhikhi! Khair yah bas mera imagination hai as a writer! Baaki OM RAUT ne apna likha hoga kuch alag!,0,hate_speech_tsv,0,hinglish,v1.0,2025-09-11,149,29
bhai isko idhar chod aur nikal..iska movie aane de..tab dekhta hoo isko..saale sab milke hate trend karre hai..God bless them,1,hate_speech_tsv,0,hinglish,v1.0,2025-09-11,125,20
"Ram ko kalpanik bolne Wala aur ye kehne Wala ki "" Jo Mandir jaate hai, wo ladkiya chedte hai"" Aisa kutta ab ""TEMPLE RUN"" Khel Raha hai...",0,hate_speech_tsv,0,hinglish,v1.0,2025-09-11,137,27
"Ye to Hinduo se nafrat karta hai na....fir Mandir k dhakke kyu...isse Astha se koi mtlb nahi, elections se hai.",0,hate_speech_tsv,0,hinglish,v1.0,2025-09-11,111,20
Achchha Indian Hindu n achchha Indian Muslim kabhi bhi ekdusre ke liye dil me nafrat nahi rakhta!Sir aap aise comments ko ignore karein pls!,0,hate_speech_tsv,0,hinglish,v1.0,2025-09-11,140,24
@Bigg_Boss__ Hina  such a diplomatic  drama queen..khud aag lagati Hai baad me dusro ka naam leti Hai..hate u,1,hate_speech_tsv,0,hinglish,v1.0,2025-09-11,109,18
Koi Tiger ka khoon kar do... Humari nhi to kisi ki nahi...,0,hate_speech_tsv,0,hinglish,v1.0,2025-09-11,58,12
Jiska khoon  ek movie free mein dekhne ke liye ufaan maare wo Rajput,0,hate_speech_tsv,0,hinglish,v1.0,2025-09-11,68,13
Jo bina zyaada load liye movie dekhne jaae wo moviegoer,0,hate_speech_tsv,0,hinglish,v1.0,2025-09-11,55,10
"Jo Twitter pe Support, Boycott ka trend kare wo Chutiye",0,hate_speech_tsv,0,hinglish,v1.0,2025-09-11,55,10
hina khan ek murder bhi kar degi toh bolegi maine use jaan lene ke liye nahi maara aise hi goli chalakar dekh rahi thi uspe,0,hate_speech_tsv,0,hinglish,v1.0,2025-09-11,123,25
"Sir @jaipur_police , humare Rajput bhai @amitsingh933 ka khoon... http://fb.me/7sbLsxEy1 ",0,hate_speech_tsv,0,hinglish,v1.0,2025-09-11,89,10
"Sir @jaipur_police , humare Rajput bhai @amitsingh933 ka khoon ufaan maar raha hai.  Kuch ho sakta hai kya? pic.twitter.com/58WFsQwnUh",0,hate_speech_tsv,0,hinglish,v1.0,2025-09-11,134,19
ISE DEKH KAR JISKA KHOON NA KHOLE OR WO CHEEPIKIANS KO SUPPORT KARE TO WO CHUTIYA https://twitter.com/indicine/status/678186502291984384 …,0,hate_speech_tsv,0,hinglish,v1.0,2025-09-11,138,18
India wale sab arshi ko hate karte h,0,hate_speech_tsv,0,hinglish,v1.0,2025-09-11,36,8
Dil Sambhal Ja Zara Phir Mohabbat Karne Chala Hai Tu- Murder-2,0,hate_speech_tsv,0,hinglish,v1.0,2025-09-11,62,11
Hate them. Sare marks yahin jate hain bc kisi ko kuch nahi ata,0,hate_speech_tsv,0,hinglish,v1.0,2025-09-11,62,13
Yaar I hate Bigg Boss par Aaj Maine Kapil  sir ke liye Bigg Boss Dekha per Kapil  sir to Aaye hi nahi,1,hate_speech_tsv,0,hinglish,v1.0,2025-09-11,101,22
370 hate ya na hate abdullah india me hoke v pok pakistan ka batate hai aur tere jese 2 kodi ki congi chudail wahi kahegi jo congress karti ayi hai. tujhe v lagta hai halala ki aadat pad gyi hai islie esa bol rhi hai,0,hate_speech_tsv,0,hinglish,v1.0,2025-09-11,216,45
KOI RAPE KAR RAHA HO ..AUR TUM DEKHTE RAHO TOH TUM BHI GUNHEGAR HO,0,hate_speech_tsv,0,hinglish,v1.0,2025-09-11,66,14
To Bhai muhabbat konsa DSP lagwa deti Ha,0,hate_speech_tsv,0,hinglish,v1.0,2025-09-11,40,8
@BeingSalmanKhan I hate ppl wen dey call him bhai jabki vo feeling hoti hi nahi hai,0,hate_speech_tsv,0,hinglish,v1.0,2025-09-11,83,16
Desh me kitna Hatred felaoge Sir ji,0,hate_speech_tsv,0,hinglish,v1.0,2025-09-11,35,7
Mulle Sirf terrorism ko invent karne ke liye jeet sakte hai..,0,hate_speech_tsv,0,hinglish,v1.0,2025-09-11,61,11
"Is MC ko Bharat mein la kar phansi dena hai!! Kya  kar rhi BJP sarkar, parliament mein phle Pakistan  ko Atankwadi desh to ghosit kare e.",0,hate_speech_tsv,0,hinglish,v1.0,2025-09-11,137,26
suadie kings apne badshat bachane k liye kisi ko be ne chora,0,hate_speech_tsv,0,hinglish,v1.0,2025-09-11,60,12
muslamno ko Mecca aur Madina k nam pe cash karwata raha,0,hate_speech_tsv,0,hinglish,v1.0,2025-09-11,55,11
@BeingSalmanKhan Aajkal Thodi bahut Nafrat si ho gai hai Aapse d way u... Blacked Heena Khan ....,1,hate_speech_tsv,0,hinglish,v1.0,2025-09-11,97,17
hatred for all men..Dosti hai Dushmani to nahin..,0,hate_speech_tsv,0,hinglish,v1.0,2025-09-11,49,8
I also hate her ... mc @deepikapadukone bhut ghamandi hai... Srk ko thanks tak Ni bolahttps://twitter.com/5blurryface/status/929370858463752193 …,1,hate_speech_tsv,0,hinglish,v1.0,2025-09-11,145,17
Varun khan? ulti ganga hate speech @SanjayAzadSln @jigneshmevani80 @Shehla_Rashid @DrKumarVishwas @kanhaiyajnusu @ikamalhaasan @LambaAlka,0,hate_speech_tsv,0,hinglish,v1.0,2025-09-11,137,13
Bhakts Hamesha SRK Ko Target Krte Hai ..,0,hate_speech_tsv,0,hinglish,v1.0,2025-09-11,40,8
Hate Deepika K Liye Hai ..,0,hate_speech_tsv,0,hinglish,v1.0,2025-09-11,26,6
Tag Block Bhakt Ka  Real SRK Haters ....,0,hate_speech_tsv,0,hinglish,v1.0,2025-09-11,40,8
Btw Movie Apne Ko Dekhna nhi Hai,0,hate_speech_tsv,0,hinglish,v1.0,2025-09-11,32,7
Badi ummide lagaye bethe hai apni maa ke murder ke khulase ka.hamare ander bhay hai . Thana fatehpur sikri ke imlaoda gaon ki daqeti murder ka,0,hate_speech_tsv,0,hinglish,v1.0,2025-09-11,142,26
"Toilet ghotala, Sri Jan ghotala, bandh ghotala aur murder ka aarop.  Wah re tera surya.  Paltua ko sharm bhi aata hai ki nahi? ?",0,hate_speech_tsv,0,hinglish,v1.0,2025-09-11,128,24
Ma khata ho Article 63 ka tahat is bat pa muzamil Abbas Tara ko 51 bar phansi ke saza honi chaye........gali gali ma shooor ha aia sara .................chorrrr ha,0,hate_speech_tsv,0,hinglish,v1.0,2025-09-11,163,29
Thank You Gud night.Mere kaan se khoon nikal raha hai.,0,hate_speech_tsv,0,hinglish,v1.0,2025-09-11,54,10
Islamic terror faila rakha ha india me inhone,0,hate_speech_tsv,0,hinglish,v1.0,2025-09-11,45,8
muje kabhi yaqin nahi asakta tumhari baat pe k u like puneesh..isliye kyun karun nafrat jb tum keh hi jhoot rahi ho,0,hate_speech_tsv,0,hinglish,v1.0,2025-09-11,115,22
@mahwashajaz_  tumre yaha aise khule aamm murder hote hai kya? https://twitter.com/ZeenabBaloch/status/935350186381070336 …,0,hate_speech_tsv,0,hinglish,v1.0,2025-09-11,123,12
kisi kay baap ka yeh Pakistan thori hay !!,0,hate_speech_tsv,0,hinglish,v1.0,2025-09-11,42,9
Are iski baat ur gadhe ki laat ek jesi h roj palti marti h...iska koi bharosa nhi...i hate her to much roj gand nikalti h shilpa k liye...ise bas hina pasand h,1,hate_speech_tsv,0,hinglish,v1.0,2025-09-11,159,32
Kabhi nahi jhoot sunn kar kaan may se khoon nikla .   vote for shilpa,0,hate_speech_tsv,0,hinglish,v1.0,2025-09-11,69,14
Yeh talent #Rishtedaaron main b hota hai,0,hate_speech_tsv,0,hinglish,v1.0,2025-09-11,40,7
Chalo koi toh hai jo sacchai dekh sakta Hai...warna baqi toh andhe ho chuke hai nafrat me..koi hater galat video bana k bhej raha Hai aur yeh log pura such jane bagair uchal rahe Hain pagal log,0,hate_speech_tsv,0,hinglish,v1.0,2025-09-11,193,37
Bandagi k aankhu se khun k aansu kya aankh phod k khun hi Nikal do... I hate this bitch..  #bb11,1,hate_speech_tsv,0,hinglish,v1.0,2025-09-11,96,20
"Ek Chehra Dil Ke Kareeb - Melodious Song - Lata @ Garam Khoon - Vinod Khanna, Sulakshana Pandit http://fb.me/t3qCAhx4 ",0,hate_speech_tsv,0,hinglish,v1.0,2025-09-11,118,19
I hate shilpa...Ye jo dikhti hain na woo nahi hain..every time simpathi leti hain Salman Khan se..,1,hate_speech_tsv,0,hinglish,v1.0,2025-09-11,98,17
Sir lekin jo log rajput nahin hain to unka khoon dhanda hota hai?,0,hate_speech_tsv,0,hinglish,v1.0,2025-09-11,65,13
"Tu Jaha Mai Waha, Starring: Vinod Khanna, Sulakshana Pandit, Movie- Garam Khoon 1980 http://fb.me/2oqOYfAgJ ",0,hate_speech_tsv,0,hinglish,v1.0,2025-09-11,108,14
@TheKaranPatel  Yaar hadd ho gayi Karan Bua ki - iski subah SAAM Hina ke comments pe Hoti hai  Aur baat kaisi karta hai - Hina KO koi fark Nahi padta - aur Tu Apna khoon jalan raha hai  Aur aam janta see gaali bhi khaa Raha hai hadd hai,0,hate_speech_tsv,0,hinglish,v1.0,2025-09-11,236,49
Jab Pappu Khan saffron terrorism bolta hai tab Hinduoo ka apman nahi hota hai?  Chee papu khan kay Pidi?,0,hate_speech_tsv,0,hinglish,v1.0,2025-09-11,104,19
Ghatiya Gandagi Gairgujri Gulchharrey udaney walo ...Hatred Pungi,0,hate_speech_tsv,0,hinglish,v1.0,2025-09-11,65,8
Good job magar dindharai rape murder Jo ho raha Hai bihar mai usko bhee dhayan rakhai Aap Twitter par pheknai sai kuch na hoga saheb crimes par control karai,0,hate_speech_tsv,0,hinglish,v1.0,2025-09-11,157,29
"Ek ""khooni liberal"" ki ek buhat baray Leader say moaddabana guzarish. Aap liberals pe toh baras paray magar aap ke khoon kay piasay Khadim Rizvi aur Afzal Qadri say aap nay kufr kay fatway kay dar say is saal kay shoro main maafi maangli thi @ImranKhanPTIhttps://youtu.be/a5TGrUx3SGI ",0,hate_speech_tsv,0,hinglish,v1.0,2025-09-11,284,46
ISSE KEHTE HAIN AANDH BHAKTI ....          HATE FOR SHILPA SHINDEY,0,hate_speech_tsv,0,hinglish,v1.0,2025-09-11,66,10
Jo dharam ko chhupaye vo socho kya bhala kr skta h kisi ka..tbhi m socha ye saffron terror kyon kah rha h. Aaj itna pyar saffron se. Gandhi nhi gndi nali ki paidaish h.,0,hate_speech_tsv,0,hinglish,v1.0,2025-09-11,168,34
"@geeta_phogat Thank you so much for this, hater ka aur kio kaam nahin hain, Hina ke liye itna hate hain ke aankhen band kar ke dekhte hain.",0,hate_speech_tsv,0,hinglish,v1.0,2025-09-11,139,27
"Tum logo ko dete hunge Paise. Tum logo ko humare mulk k baato me kyu itna interest hai? Ohh samajh gaya, tum logo k mulk me Ab kuch baat karne reh he nahi gaya hoga. Sab kuch terrorism se he shuru aur nahi khatm",0,hate_speech_tsv,0,hinglish,v1.0,2025-09-11,211,44
@GAUAHAR_KHAN @iamkamyapunjabi  why you guy have so me hate rate for someone kuch din ka biggboss hai khatam ho jaiga pr ap  logo k dil me apni jaga mat khoiye or @iamkamyapunjabi hina jo bhi or jaha se bhi aye hai pr ap kon ho ?https://twitter.com/geeta_phogat/status/935912187876458497 …,0,hate_speech_tsv,0,hinglish,v1.0,2025-09-11,289,47
"Yukh, hate atay jaisay chitti larki",0,hate_speech_tsv,0,hinglish,v1.0,2025-09-11,35,6
Arshi khan KO add q nai kia apni hatred mai?,0,hate_speech_tsv,0,hinglish,v1.0,2025-09-11,44,10
Is conversation mai wo bi ti.,0,hate_speech_tsv,0,hinglish,v1.0,2025-09-11,29,6
Sub Kai apnay point of view,0,hate_speech_tsv,0,hinglish,v1.0,2025-09-11,27,6
But haters bicharay andhay.,0,hate_speech_tsv,0,hinglish,v1.0,2025-09-11,27,4
"@sambhavnaseth Toh vikas Ke samne when someone said kali where is he? Vikas bhi Boht galt hai Kuch chizo mein. Aur shilpa ka bhi ab woh pehle wala roop Nikal raha hai because Uske arshi Aur akash ne Darar dikh rahi hai. Aaj na shilpa gandagi Aur puneesh mein se nafrat, contin...",0,hate_speech_tsv,0,hinglish,v1.0,2025-09-11,279,52
Gale dena achi bat nahi agar ye sab khatam karna hai to #LuvTyagi ko vot karo ye sab khud ba khud khatam ho jayega,0,hate_speech_tsv,0,hinglish,v1.0,2025-09-11,114,24
@sambhavnaseth mam apne Aaj bola sahi bola. But vikas bhi maze le raha tha. Waise Toh ladki Ko Moti bola usko bada problem ho raha tha. Aur Sab gandagi ne kiya hai but shilpa ne bhi Uski bhadas nikali hai sabpe. Uska hatred Aur uske sath jo bahr hua hai that has made shilpa.,0,hate_speech_tsv,0,hinglish,v1.0,2025-09-11,275,54
"Aaj ka ep dekh k sahi me itna he khoon khol rha tha,Jis tarah se janwaro ki trh punish ne trimmer chalaya luv ko luckily khoon ni aya,hina n akash k sath jo kia insaniyat h he ni kya shilpa punish vikas bandagi me. #SHAME @BiggBoss @BeingSalmanKhan @eyehinakhan @TheLuvTyagi #BB11https://twitter.com/sambhavnaseth/status/935933743667261440 …",0,hate_speech_tsv,0,hinglish,v1.0,2025-09-11,341,51
Bad politics ek hindu bhai dusre hindu bhai ka khoon pene k liye taiyar hogaya he...,0,hate_speech_tsv,0,hinglish,v1.0,2025-09-11,84,16
Abhi bhe time he sab sudar jao.,0,hate_speech_tsv,0,hinglish,v1.0,2025-09-11,31,7
"@TheKaranPatel  aapke paas koi kaam nahi he? Pura din yahi sochte ho ki Hina k against kya tweet karu aaj? Aap kisi mitti k bane ho? Insaaniyat bhi nahi he aapme, really. Muje regret hota he ki me kabhi aapka fan tha.  Now I hate u karan, aap to Patel kahne k laayak bhi nahi.",1,hate_speech_tsv,0,hinglish,v1.0,2025-09-11,276,55
Bda chhuparustam nikla re rahul baba.. Ise kahte h deeye niche andhera ...desh ko dhoka.. Aankho me dhul jhonk rha thha.. Aaj pta chla ye saffron terror kyon kahta firta h. Dhokhebaj h aaul baba,0,hate_speech_tsv,0,hinglish,v1.0,2025-09-11,194,35
"@gauhar khan muje regret hota he ki mene season 7 me aapke liye votes kiye the aur aapka fan tha, but ab to aapne saari ijjat gava di ki ek hina k piche padi rehti ho.  Aapke paas koi kaam nahi He kya? Pura Dina hina k against tweet k bareme hi sochta ho? I hate u gauhar...",1,hate_speech_tsv,0,hinglish,v1.0,2025-09-11,274,58
Hate U Arshi Khan.. Hindustan Ki Awam Dekh Rahi Hai Dushman Se Dosti Tumhari..Ye Game Hai Ya Pyar..,1,hate_speech_tsv,0,hinglish,v1.0,2025-09-11,99,18
Gauahar k FB pe Hina se kam followers hain .. sahi toh hai ... logo@ko sach batana achha lagta hai sun na nahi .. koi gali toh nahi di na... kuchh bewkoof aise react kar rahe hain jaise murder kar diya ho  agar Hina inki chaplusi karti toh achha bolte,0,hate_speech_tsv,0,hinglish,v1.0,2025-09-11,251,50
I hate u Kamya... muje regret hota he ki me kabhi aapka fan tha... aapko insaaniyat naam ki koi chij hi nahi he aapne... I hate u Kamya...,1,hate_speech_tsv,0,hinglish,v1.0,2025-09-11,138,28
Rishta Likhenge Hum Naya Chotti Thakurains chakarvyuh earns Ratans hatred… https://goo.gl/fb/AZY4UF  #StarPlus #Colors,0,hate_speech_tsv,0,hinglish,v1.0,2025-09-11,118,13
"Aaj kal khoon rare aata hai, due to unhealthy diet",0,hate_speech_tsv,0,hinglish,v1.0,2025-09-11,50,10
"Jish movie ki story rape viktim girl ki ho,kya ek viktim ko sexy bolna shi hai,ye log simple name rakh skte the.",0,hate_speech_tsv,0,hinglish,v1.0,2025-09-11,112,22
but inko Aise naam rakh kar controversy create kark film ki free publicity karwana tha.,0,hate_speech_tsv,0,hinglish,v1.0,2025-09-11,87,15
Vivad hone pr freedom of speech khatre mein aa jata hai,0,hate_speech_tsv,0,hinglish,v1.0,2025-09-11,55,11
We are showing  we  really kya baat kar rahe ho  aanshu aagaye yaar koi itna hatred kaise laa sakta hai,0,hate_speech_tsv,0,hinglish,v1.0,2025-09-11,103,20
MAIN kon se sachye sa baagi? app ek pic laga k khud tabsra ker rahy ho? main ki koi laga doon ore khoon tum ya ker rahy thy? hahahah lol kia mazaq ha? pic.twitter.com/lwJkNXRkTq,0,hate_speech_tsv,0,hinglish,v1.0,2025-09-11,177,34
Ajj mujhe puneesh aur bandgi ko dekha kar itna zadya gussa aa rha tha ki kaise log hai yeh Mujhe iss season k sabse worst Constants mil gye,0,hate_speech_tsv,0,hinglish,v1.0,2025-09-11,139,28
Wese bhi ye sanghi hijde shadi se zyada rape main vishwas rakhte to teri maa ki sari khol kar dekh khaki chadhhi pehni hogi lol hijde chakke,0,hate_speech_tsv,0,hinglish,v1.0,2025-09-11,140,27
Kal uski behn bati rape hogi,0,hate_speech_tsv,0,hinglish,v1.0,2025-09-11,28,6
Tab bhi love jihad avivyakti ki azadi ban Jana chache,0,hate_speech_tsv,0,hinglish,v1.0,2025-09-11,53,10
To khul ke bole pyar hai nafrat nhi... Game kiu khel raha hai,0,hate_speech_tsv,0,hinglish,v1.0,2025-09-11,61,13
10 Logon Ko Phansi Lag Jae To Corruption Khatam Hojae Gi.. Sheikh Rasheed... http://fb.me/9huioeX0q ,0,hate_speech_tsv,0,hinglish,v1.0,2025-09-11,100,14
kaun h vo log jo Hina Akash or luv ko vote kr rhe h...dil khi kho diya kya??? nafrat bdi cheez h.....,0,hate_speech_tsv,0,hinglish,v1.0,2025-09-11,101,22
ek bar fair hokr vote ni kr skte??? insaniyat ki hade par ho gai aaj https://twitter.com/bollywood_life/status/935931424024166405 …,0,hate_speech_tsv,0,hinglish,v1.0,2025-09-11,131,17
"madam aap ka chinta karna bilkul jayaj h, aap ke pati ek bahdur or nidar insan h, biswas rakhiye sir to bahut door ki baat h koi haat bhi nhi laga sakta h, phir aap bhi to ek hindu viragna ho, rani laxmibai rani durgabatti inka or aap ka khoon ek hi h,aap apne pati ki sakti ho,",0,hate_speech_tsv,0,hinglish,v1.0,2025-09-11,278,58
Hate u sooooooooooooo muuuuuuuuuuchhhhhh big boss gandgi faila rkhi h bndgi punish ne unhe kuchh nhi khoge hina pr chd jaoge,1,hate_speech_tsv,0,hinglish,v1.0,2025-09-11,124,21
@iPGaur @imanveergurjar Kamya english sikha rahi hate failane k sath sath,0,hate_speech_tsv,0,hinglish,v1.0,2025-09-11,73,11
I hate heen khaan ye video Maine abhi dekha kuch galat nahi bolla usne kun itna bada issue bana rahe ho sab sach baat  bol rahi hai wo jo hum aur aap bhi bolte hai heena ke hater hone ka matlab ye nahi ki kisi bhi baat ka issue banao,1,hate_speech_tsv,0,hinglish,v1.0,2025-09-11,233,50
"PM ki post ki izzat krte hai isliye gaali nhi di, mgr jo PM ki post pr hai wo khoon choos raja hai desh ka or ap jese log uska sath de rahe hai",0,hate_speech_tsv,0,hinglish,v1.0,2025-09-11,143,34
Hina ki team aisi hi hai kewal nafrat hi rakhti hai..Manu bhai,0,hate_speech_tsv,0,hinglish,v1.0,2025-09-11,62,12
aaj hina ki baari aayi to apne time pe rone lgi public se appl karne lgi,0,hate_speech_tsv,0,hinglish,v1.0,2025-09-11,72,16
Puri fake hai,0,hate_speech_tsv,0,hinglish,v1.0,2025-09-11,13,3
I hate pungi for doing what they did with luv and Akash but Hina ne ankhon main mirch daali Hai and usne Baal bhi kaate Hai,1,hate_speech_tsv,0,hinglish,v1.0,2025-09-11,123,26
Poora India yahi soch raha hai bro ki jhooti ko tv industry se laye hai ki dusre planet se hate her,1,hate_speech_tsv,0,hinglish,v1.0,2025-09-11,99,21
Akash aur luv ke saath to boht galat Kiya but Hina ke saath wohi Kiya Jo usne Kiya the that's why I hate pungi,1,hate_speech_tsv,0,hinglish,v1.0,2025-09-11,110,24
"Hina khan chalak aur dhokebaaj Lomdi hai, Mai aaj ke task mein hoti toh Uska ka nak katke use shurpanakha banati, I just hate her",1,hate_speech_tsv,0,hinglish,v1.0,2025-09-11,129,25
She hate punish and bandagi iss liye.... Aur madam bolati h unbiased hu...,0,hate_speech_tsv,0,hinglish,v1.0,2025-09-11,74,13
"Zillat ki jeet se behtar Izzat ki haar hai, Vikas Gupta ka kahna hai ke shilpa se sakht nafrat karte hai lekin aankh band kar ke support karte hai bhayya ye konsi nafrat hai... #BB11 @doveeyeshashtag",1,hate_speech_tsv,0,hinglish,v1.0,2025-09-11,199,36
Hina ne khud shilpa ke baal kate ajj apni trun toh India dekh raha hai ek ladki dusri ladki ke baal cut kar rahi hai hate Hina nd love shilp,0,hate_speech_tsv,0,hinglish,v1.0,2025-09-11,140,30
"Yeah that's why I hate salman ,pichli baar bhi salman ne bahut bola tha Gaurav Chopra ko aur side manveer manu ki leta rehta tha",1,hate_speech_tsv,0,hinglish,v1.0,2025-09-11,128,25
"Bahot gande log hai yaar ye #PunishSharma and #BandagiKalra ,,disgusting",0,hate_speech_tsv,0,hinglish,v1.0,2025-09-11,72,10
Punish ki life me do hi cheeze chalti hai... 1) bandagi 2) gandagi,0,hate_speech_tsv,0,hinglish,v1.0,2025-09-11,66,13
I HATE IT jab samny rakhi cheez na milay matlab abhi tou men ny yahan rakhi thi zameen kha gae kya,1,hate_speech_tsv,0,hinglish,v1.0,2025-09-11,98,21
Chill yaar shilpaa...wo nahi samjhegi.. apna khoon math jala gulab k piche...Wo bas Akash PE taras kharahi aur kuch nai...calm down..,0,hate_speech_tsv,0,hinglish,v1.0,2025-09-11,133,21
@BenafshaSoona acha hua k aap bahar aa gyi wrna hmari ankho s to khoon ki nadiyaan bah rhi thi.. U were not played well ben.. Apne ghar m gandgi felai hai hina khan or priyank k sath milkr..,0,hate_speech_tsv,0,hinglish,v1.0,2025-09-11,190,38
Ha kamyaji ye aapne sahi dekha hai esi hai wo.tabhi to sabhi use etna hate karte hai in se to swami om bhi achhe the yaar #thooo hina khan haak thooooooooook,1,hate_speech_tsv,0,hinglish,v1.0,2025-09-11,157,31
"@adnanjilani4 Adnan Jeelani4 Super Hit Dramas Wafa Bewafa Se, Humare Ghar Mein, Mohabbat Nafrat Se, Aatish pic.twitter.com/TmpwDDB4kN",0,hate_speech_tsv,0,hinglish,v1.0,2025-09-11,133,17
Tu unhi ki.najyaz aulaad hoga teri amma ka rape karkar chod diya hoga warna hume to yahi confirm chakke hain hijde hain aur han gandu bhi he,0,hate_speech_tsv,0,hinglish,v1.0,2025-09-11,140,27
"Kisi producer ne isko agar show diya to unki bohot bari galti hogi, bcoz isne logo ka itna nafrat gain kiya hai ki TRP zero ho jayega uss show ka. @i_shilpa_shinde @Im_ShilpaShinde @Shilpa_Shinde_ @shilpa_shindey",0,hate_speech_tsv,0,hinglish,v1.0,2025-09-11,212,34
Tumne half dekha Hai pura Dekho,0,hate_speech_tsv,0,hinglish,v1.0,2025-09-11,31,6
Hina Ne Fb Fan Following ke baare me kaha Jo Sach Hai h Gauhar ke Followers Kam h fb pe,0,hate_speech_tsv,0,hinglish,v1.0,2025-09-11,87,20
Sanjeeda vala Vikas ne bhi agree kiya ki gore log screen pe itne acche nahi dikhte,0,hate_speech_tsv,0,hinglish,v1.0,2025-09-11,82,16
Hate karne ka reason laao,0,hate_speech_tsv,0,hinglish,v1.0,2025-09-11,25,5
"Apne family ko khoon ke aansoo rulane wali bathroom ja ja ke, khud  mirchi lagnese khoon ke aansoo nikalne lagi  #BB11 #BiggBoss11 #BiggBoss",0,hate_speech_tsv,0,hinglish,v1.0,2025-09-11,140,23
Wah Wah kya baat he par viyapam ghotale ki jaaz me 50 se jyada murder ho Gaye he . Apne tou world record Bana diya Saab. Badhai ho apko,0,hate_speech_tsv,0,hinglish,v1.0,2025-09-11,135,29
Fake Hina besaram arshi ki sakal se hi nafrat ho gyi hme,1,hate_speech_tsv,0,hinglish,v1.0,2025-09-11,56,12
Are nahi tag line was “Main Khoon Ke Aansu Royi Hu Kal”... khud ki galti or khud hi chilla rahi thi... #bb11,0,hate_speech_tsv,0,hinglish,v1.0,2025-09-11,108,22
Hate speech cases sirf mojahiro pe Banty hae,0,hate_speech_tsv,0,hinglish,v1.0,2025-09-11,44,8
"hai jaise Hitler,musolini,stalin,bagdadi aye the or sab khatm ho gye vaise ye daur bhi history ho jayega",0,hate_speech_tsv,0,hinglish,v1.0,2025-09-11,104,17
Haan shilpa ne kya kiya aaj humne dekh Liya akash k saath jo kiya usne uske baad se I really hate that woman,1,hate_speech_tsv,0,hinglish,v1.0,2025-09-11,108,23
Haleem beef hota hai sharma ji!!!! Modi ke sau khoon maaf hai bhaiyya! Chamche paalna modi ji se sekhe koi,0,hate_speech_tsv,0,hinglish,v1.0,2025-09-11,106,20
Sanchalk the to tum kese bol sakte Ho kisiko uth za bol k aaj tumari vzase Hari hey hina ki team I hate you vikas and Shilpa,1,hate_speech_tsv,0,hinglish,v1.0,2025-09-11,124,27
"Abhi tk to main kisiko vote nahi kr rha tha par ab zarur larunga luv ko, aur jitne baal uske kate h gandagi aur peeley daat n kasam itni nafrat ho chuki h na, agr unhone itni limit tk jana tha toh saalo ko pehle hi ganja kr dete, kyun hina n apne baal kate?",1,hate_speech_tsv,0,hinglish,v1.0,2025-09-11,257,55
Jiss tarhan woh Hina ka stuff phanek rahi thi,0,hate_speech_tsv,0,hinglish,v1.0,2025-09-11,45,9
Rightly said...purane episode ki baat karni ...aaj to bichara rok rha tha and kuch galt b ni kiya...fir bhi...kha se laate h itni hate,0,hate_speech_tsv,0,hinglish,v1.0,2025-09-11,134,24
"Bhai karan in Terrorist logo se bat mat kar apna hi bura hai , ye kisi ke sage nahi hote , inka alien mohammad khud kehta hai terrorism failao , bhai mat bat kar is jihadan se",0,hate_speech_tsv,0,hinglish,v1.0,2025-09-11,175,37
Yaha jo stupid haters log barking kar rhe are stupid log tum to kehto ho tum hina ke hater ho lekin mujhe jaha tak pta bai hum kiso ko hate karte hai to usske bare mai baat bhi karna pasand nhi karte lekin tumlog to 24*7 hina ke barre mai baat karte ho no matter hate comments,0,hate_speech_tsv,0,hinglish,v1.0,2025-09-11,276,57
@BiggBossNewz agar puneesh aur bandagi kalkothri m jate hai toh murder 2 ban jayegi bigboss k ghar m,0,hate_speech_tsv,0,hinglish,v1.0,2025-09-11,100,18
"Ekdam ekdam sahi bola....kehe nahi sakte shilpa or punish ka defend krte krte khud hi na shahid ho jay....""Aao shilpa Maa mujhse bhi khoon kardo plzz""",0,hate_speech_tsv,0,hinglish,v1.0,2025-09-11,150,26
Kal 2000 Gujaratiyo ke Khoon se apna haath rang ne wala Haiwan ask apne aapko Gujarat ka beta keh raha hai!!!!,0,hate_speech_tsv,0,hinglish,v1.0,2025-09-11,110,21
Kya hoga ya bhai.. itna hatred..??,0,hate_speech_tsv,0,hinglish,v1.0,2025-09-11,34,6
Hahaha Hina fare ki baat tum mat kro Duniya ki Sabse fake tum Ho or ye arshi Badha Hina Hina Kar Rahi hai do din Mai juta khyegi Hina se but Shilpa ji plz ab arshi ko Kabhi accept maaf na Krna we hate her usne bht ghatiya Kiya apke sat h..,1,hate_speech_tsv,0,hinglish,v1.0,2025-09-11,239,52
Nhi jayenge aur rahi baat #luv tyagi ki uski to vaat lagni wali hai .. #Fakina always hate u,1,hate_speech_tsv,0,hinglish,v1.0,2025-09-11,92,19
DHARNA DALWANAY KA LYA. JIS JUDGE NA MUMTAZ QADRI KO PHANSI KI SAZA DI US KO KUCH NAHIN OR GALIAN KIS KO,0,hate_speech_tsv,0,hinglish,v1.0,2025-09-11,104,22
Hina se hate itni hai ki bandagi ki gandagi bhi sahi lag rai hai tumko...,1,hate_speech_tsv,0,hinglish,v1.0,2025-09-11,73,15
Tune kion ladai ki #Shilpa ji se tu bahut fake hai #Arshi. Vikas Gupta ne there like kya kya nhi kiya tune us vikas Gupta ko bura bola u fake person loser .hate u,1,hate_speech_tsv,0,hinglish,v1.0,2025-09-11,162,34
hina ke against me jo  hi hoga vo sahi hoga i hate hinakhan,1,hate_speech_tsv,0,hinglish,v1.0,2025-09-11,59,13
Hina se hate inka itna badh chuka hai ke sahi galat aur insaniyat ki tameez kho bethe hai.,1,hate_speech_tsv,0,hinglish,v1.0,2025-09-11,90,18
Gawd! Is @Biggboss k season ne dusre celebs k bhi asli chehre dikha diye. Shocking,0,hate_speech_tsv,0,hinglish,v1.0,2025-09-11,82,15
I hate heena too par bhai gali mat do,0,hate_speech_tsv,0,hinglish,v1.0,2025-09-11,37,9
#BANDAGI PUNISHI KO TO BAHER K JAIL ME DALO WAQEI SUFAID CHUDAIL KALA RAKSHAS...WE ALL HATE PUNGI GANDAGI KI DUKAN DONO ARSHI KO SHILPA SE LADA K NOMINATION SE BACHNA CHAHTE HAIN YE KUTTE KUTYA..KIDE PADEN PUNGI KO,1,hate_speech_tsv,0,hinglish,v1.0,2025-09-11,214,38
thank you geeta ma'am. Insaan Nafrat me sahi aur galat hi bhool jata...,0,hate_speech_tsv,0,hinglish,v1.0,2025-09-11,71,13
"Hiten is my Fev, but wo entertain nhi h",0,hate_speech_tsv,0,hinglish,v1.0,2025-09-11,39,9
Or vo bakri ka rape nhi karte Hai vo unki begam hi hoti hai,0,hate_speech_tsv,0,hinglish,v1.0,2025-09-11,59,14
Do one thing yr sabse pehle @GAUAHAR_KHAN n @iamkamyapunjabi ko tag karo n dikhao unhe k kisi ko HATE krne me itna ANDHA hona achha nai h..kam se kam sach jaan k ZAHAR uglo. Inko khudka @lostboy54 n Arshi b us convo me the wo to inko dikhega nai bas HINA HINA kra lo inse #ajiblog,0,hate_speech_tsv,0,hinglish,v1.0,2025-09-11,280,56
Shilpa  ko  jese  show  se  nikal  ke faka  hai  wese  he  bb se  bhi  nikal  ke  fake  do  kuch  deserve  nahe  karte  wo I hate  Shilpa  shinde,1,hate_speech_tsv,0,hinglish,v1.0,2025-09-11,145,27
Dikhta h Kon loser h Kal dekhna tumhaari bandagi and puneesh jaayenge jail then majja aayega ..Shilpa bhi khoon ke aasu royegi @eyehinakhan #hinakhan stay strong,0,hate_speech_tsv,0,hinglish,v1.0,2025-09-11,161,26
Hina ne bandagi ko darane ke liye khudke thode kaate but bandagi ne uske bahot saare kaate hain .. It's not a fact just blind hate Lol agar tumko lagta hai wo sahi tha to I have nothing to say,0,hate_speech_tsv,0,hinglish,v1.0,2025-09-11,192,40
Akash ki kya halat ki h ....aur wo bitch bandagi baar baar khoon k ansu khoon k ansu kr rahi h dikhe to nhi aansu...kisi k mirchi ankh mei jae to wo ankh nhi khol paega...bt wo thodi der mei khadi thi task mei waooo...,0,hate_speech_tsv,0,hinglish,v1.0,2025-09-11,218,45
Vote for luv tyagi...  Aaj jo hua..  Uske baad he deserves to stay in bb house.... Such cruel punish and bandagi...  Is waqt vikas ne trimmer q nhi chhinna uske haath se...  I hate punish bandagi vikas shilpa...,1,hate_speech_tsv,0,hinglish,v1.0,2025-09-11,211,38
Hate @eyehinakhan . Trigger wahi karti hai.. Uske show me bhi chubti thi.. Or yaha bhi.,1,hate_speech_tsv,0,hinglish,v1.0,2025-09-11,87,16
"Marne ke liye sirf public hai, ye dono haramkhor ganje Bhaion ko is liye roka gaya taa ke Hamara mazeed khoon choos saken!!",0,hate_speech_tsv,0,hinglish,v1.0,2025-09-11,123,23
ji hona chahiye #stand against #terror...,0,hate_speech_tsv,0,hinglish,v1.0,2025-09-11,41,6
YE hai desh ki police ke haal,0,hate_speech_tsv,0,hinglish,v1.0,2025-09-11,29,7
"murder karne waale ko aachaarsahita ki wajha se action se dur kiya hua hai,har... http://fb.me/6zG4UrmoE ",0,hate_speech_tsv,0,hinglish,v1.0,2025-09-11,105,15
"Ppp corupt zardari mafya bun chuki,sindi awam unse sakht nafrat karta,ab sindi ki umid,gareeb Mazloom ka bhadr sathi",1,hate_speech_tsv,0,hinglish,v1.0,2025-09-11,116,18
zyada hogya hai rape se aagay nikal gayi hai aj kahani...,0,hate_speech_tsv,0,hinglish,v1.0,2025-09-11,57,11
kisse bol rahe ho bhakt ko bol kar hi laya gaya ye bhadwa kadyani take hatred fela sake but d Q y d ppl go to dis show,0,hate_speech_tsv,0,hinglish,v1.0,2025-09-11,118,28
Listen to Aj Phir tum pe piyaar aya hai..... Hate Story2..... Arijit Singh by Awais jalil #np on #SoundCloudhttps://soundcloud.com/awais-jalil/aaj-phir-video-song-hate-stor …,0,hate_speech_tsv,0,hinglish,v1.0,2025-09-11,174,20
hehe wo writing ki wjase arhi thi  apni writing ko chukandar anaar aur kajar khilao take uska khoon bane,0,hate_speech_tsv,0,hinglish,v1.0,2025-09-11,104,19
Riasati loug he hy nah jo Phir Aam worker k rape k baad qatal hone pr mulzimon ki pusht pnahi krte??,0,hate_speech_tsv,0,hinglish,v1.0,2025-09-11,100,21
party to girls kar rahi hai wo to bechara rape hone gaya hai lagta hai,0,hate_speech_tsv,0,hinglish,v1.0,2025-09-11,70,15
people are more important than their mistakes. Nafrat karna nahi aata. Hota hi nahi yaar. Aur Apno se toh bilkul nahi.,0,hate_speech_tsv,0,hinglish,v1.0,2025-09-11,118,21
@gauravcsawant ek bar phir 90s ki tarah fauj ke hath khol ke dekho India kya duniya se terrorism khatam kar degi #indianarmy.,0,hate_speech_tsv,0,hinglish,v1.0,2025-09-11,125,22
ek bar phir 90s ki tarah fauj ke hath khol ke dekho India kya duniya se terrorism khatam kar degi #indianarmy.,0,hate_speech_tsv,0,hinglish,v1.0,2025-09-11,110,21
ayesha aur muhammad ka rape hi kaladhan hai,0,hate_speech_tsv,0,hinglish,v1.0,2025-09-11,43,8
magar ye media walay to jaan boojh ker paise ke liye sab karrahe hain.,0,hate_speech_tsv,0,hinglish,v1.0,2025-09-11,70,14
Karachi k baad Lahore mei bhi Rangers operation hona chahyay.,0,hate_speech_tsv,0,hinglish,v1.0,2025-09-11,61,10
Logic: Taa k lahore b political terrorism sy nijat paaye.,0,hate_speech_tsv,0,hinglish,v1.0,2025-09-11,57,10
"@alee5386 I hate you so much aaaleee , tum chor kar mujhe so kaise Gaye??!??",1,hate_speech_tsv,0,hinglish,v1.0,2025-09-11,76,15
haan ! Congress ke rajya mein hota hi kya tha ..sirf ghotale scam rape mehangayi ..,0,hate_speech_tsv,0,hinglish,v1.0,2025-09-11,83,16
@BeingSalmanKhan Mujhe bilkul bhi pasand nahi k sm fans of urs uss stupid ko Bhabhi kahen khoon jalta hai mera .,0,hate_speech_tsv,0,hinglish,v1.0,2025-09-11,112,21
Jab rape ho rahe hote hai tab nhi aate yai nautanki karne.. Tilak lagake.. Mera bharat mahan  .. http://fb.me/1XkyGSXGE ,0,hate_speech_tsv,0,hinglish,v1.0,2025-09-11,120,19
mujhe bhi..I hate it..,1,hate_speech_tsv,0,hinglish,v1.0,2025-09-11,22,4
ye q Rohan k sath hai I hate yr ajeb c hai,1,hate_speech_tsv,0,hinglish,v1.0,2025-09-11,42,12
Bejoy bose ka murder thodi na kiya tha,0,hate_speech_tsv,0,hinglish,v1.0,2025-09-11,38,8
... Tum log bhi acha kro ... yahan Terrorism krwane jin RAW walon ko bhjte ho tum log woh pakre jate hain,0,hate_speech_tsv,0,hinglish,v1.0,2025-09-11,105,22
"Kabhi nafrat to kabhi dilo ka mail hai,",0,hate_speech_tsv,0,hinglish,v1.0,2025-09-11,39,8
Be dosti hi yaha “NOT FOR SALE” hai. pic.twitter.com/kcgcEOSw6b,0,hate_speech_tsv,0,hinglish,v1.0,2025-09-11,63,9
"In Hindi there is song 4 Pak establishment, ""Tayyab Ali Pyaar ka Dushman hai hai hai.... Pak love to hate.",0,hate_speech_tsv,0,hinglish,v1.0,2025-09-11,106,20
juth muje bhi pasnd nai.. I Hate It.. jo bat samne bolna hai bolo acha lagta h,1,hate_speech_tsv,0,hinglish,v1.0,2025-09-11,78,17
Aur Trust Kabhi na kabhi aiSe waise tut jata h,0,hate_speech_tsv,0,hinglish,v1.0,2025-09-11,46,10
Isi wale muhammad aur allah ki ayesha ka rape kr rhe ...ayesha bachao bacho kr rhi,0,hate_speech_tsv,0,hinglish,v1.0,2025-09-11,82,16
"1 @Mufti_Yasir AAP IS BHAGODE @TarekFatah ko MUAAF KARDEN, ISME MARDON KA KHOON NAHI HAI. JO DEBATE KARE.",0,hate_speech_tsv,0,hinglish,v1.0,2025-09-11,105,18
JO DEBATE KARE.,0,hate_speech_tsv,0,hinglish,v1.0,2025-09-11,15,3
MR.MUKESH AMBANEE MADARCHAOD TERRE BETEE NISHA USHKEE GAAND KISEE AUR SE MARAYEE AIR BAOLEE MAI RAPE,0,hate_speech_tsv,0,hinglish,v1.0,2025-09-11,100,16
TEREE POLICE KI MSS CHAODOON,0,hate_speech_tsv,0,hinglish,v1.0,2025-09-11,28,5
# Hakumat Khud Dahshatgard hai Agents ko Pala hua hai Lootmaar Crime Murder se Maal Banarahe hain,0,hate_speech_tsv,0,hinglish,v1.0,2025-09-11,97,17
One Faadu Question...,0,hate_speech_tsv,0,hinglish,v1.0,2025-09-11,21,3
Ye Nafrat bhara programme band karo Ye Islam ko badnam karne ki kodhish hay,0,hate_speech_tsv,0,hinglish,v1.0,2025-09-11,75,14
Bewakoof banakar khaayi me fek dete hai ...Use gaali dete hai ...use judge karte hai ..use hate karte hai toh woh bacha bohat sadme me din,0,hate_speech_tsv,0,hinglish,v1.0,2025-09-11,138,26
waise hi ho ga jaisa har rapist aap ki party se hota hai aur aap phir bhi rape party ko support karti hai.,0,hate_speech_tsv,0,hinglish,v1.0,2025-09-11,106,23
pehle se pata tha but aaj confirm ho gaya apna kuch nhi jaata but still i hate them,1,hate_speech_tsv,0,hinglish,v1.0,2025-09-11,83,18
Kya bat karte ho sir?,0,hate_speech_tsv,0,hinglish,v1.0,2025-09-11,21,5
tum aaj ptaa chaala hai main smart hu?,0,hate_speech_tsv,0,hinglish,v1.0,2025-09-11,38,8
"I don't hate , let them love apna kya jaata hai?",0,hate_speech_tsv,0,hinglish,v1.0,2025-09-11,48,11
INKE PAS LICENSE HAI KHOON KHARABA KARNE KA,0,hate_speech_tsv,0,hinglish,v1.0,2025-09-11,43,8
I love you kahne par bhi or i hate you kahne par bhi bura maan jate haiv,0,hate_speech_tsv,0,hinglish,v1.0,2025-09-11,72,17
Es army ka Maine bohat sath diya lekin Lahore attack k baad mujhe Es khusri army se nafrat ho gayi hai. Enkay pas atom nhi@OfficialDGISPR,1,hate_speech_tsv,0,hinglish,v1.0,2025-09-11,137,25
kabhi kabhi logon ki nafrat hi insan ki strength ka reason hota ha,0,hate_speech_tsv,0,hinglish,v1.0,2025-09-11,66,13
Bhagwa atankiyon ne bhi rape kiye hain...,0,hate_speech_tsv,0,hinglish,v1.0,2025-09-11,41,7
I hate cigeratte lekin kbhi kbhar dil chahta hai k pe he lu.,1,hate_speech_tsv,0,hinglish,v1.0,2025-09-11,60,13
"Zee news pe Fatah ka Fatwa ban hona chahiye, ye yahan Hindu aur Musalamanon men Nafrat faila Raha hai.",0,hate_speech_tsv,0,hinglish,v1.0,2025-09-11,102,19
frustration & hatred bhai bhai,0,hate_speech_tsv,0,hinglish,v1.0,2025-09-11,30,5
"@Rasheed14741988 Aur to baar baar Indian agency par lapet raha hai, Islamic terrorism koi Indian ka phenomena to nahi",0,hate_speech_tsv,0,hinglish,v1.0,2025-09-11,117,19
aby randi ke bachy Rape ke kaam india main hote hain ... rapistan india ko bolte hain,0,hate_speech_tsv,0,hinglish,v1.0,2025-09-11,85,17
"Sir hukmaranon ko to kya kehna, Army ko bhee ab recharge k liey khoon chahiye ZIADA, AUR ZIADA",0,hate_speech_tsv,0,hinglish,v1.0,2025-09-11,94,18
16  Dec 2014 (Nirbhaya Rape Case) ke Baad se Aaj se Delhi Mahilaao ke liye kitni Surakshit Hui hai ?,0,hate_speech_tsv,0,hinglish,v1.0,2025-09-11,100,20
ye dekho Prashant ko terror ka religion para chal Gaya. Sharam Karo.,0,hate_speech_tsv,0,hinglish,v1.0,2025-09-11,68,12
"1@Mufti_Yasir AAP IS BHAGODE @TarekFatah ko MUAAF KARDEN, ISME MARDON KA KHOON NAHI HAI. JO DEBATE KARE.",0,hate_speech_tsv,0,hinglish,v1.0,2025-09-11,104,17
Dil to chahta ha Hitler ki tarha tamam HODs ko sammandar main lajakar kashti bumb maar da army,0,hate_speech_tsv,0,hinglish,v1.0,2025-09-11,94,18
Aaj ek question Z News pr pucha Gaya... 16 Dec 2014 (Nirbhaya Rape Case) ke Baad se Aaj se Delhi Mahilaao ke liye kitni Surakshit Hui hai ?,0,hate_speech_tsv,0,hinglish,v1.0,2025-09-11,139,28
aap hi ja k supreme court k judges ka kaam kar leejiye na. kabhi to bhai samjhdaari ki baat kr liya kro sir ji!!,0,hate_speech_tsv,0,hinglish,v1.0,2025-09-11,112,24
"Aaj he DNA me dikhaa raha tha ke aap ne dilli ke Gaand maar Rakhi hai, daily rape ho rahe hai.",0,hate_speech_tsv,0,hinglish,v1.0,2025-09-11,94,21
1.Agar terrorism ka end chty hain to apny ass pas k garebon ka khyal rakha krain kyon k go b khud ko bomb se urata hai woh gareb hi hota hai,0,hate_speech_tsv,0,hinglish,v1.0,2025-09-11,140,31
Abe ganje @ShekharGupta tu batting karta rah @yadavakhilesh ka because of hate @narendramodi 11th march. @tavleen_singhhttps://twitter.com/shekhargupta/status/831343862664695809 …,0,hate_speech_tsv,0,hinglish,v1.0,2025-09-11,179,17
mohabbat ky pardy mai karty ho nafrat.,0,hate_speech_tsv,0,hinglish,v1.0,2025-09-11,38,7
BACCHE KABHI KABHI RAPE KARLETE HAI BECHARE  https://plus.google.com/111437510627639906525/posts/NDq4qdYmJiR?_utm_source=199-1-1 …,0,hate_speech_tsv,0,hinglish,v1.0,2025-09-11,130,9
I hate girls bolne Vale londe vohi hote hai Jo sale YouTube par jaakr how to impress girls jaisi bakchod videos dekhte hai.,0,hate_speech_tsv,0,hinglish,v1.0,2025-09-11,123,23
"ha ha education? salo tumne education ke naam par orto ko nanga kar rakha he, or rape badhte ja rahe, sirf or sirf isliye",0,hate_speech_tsv,0,hinglish,v1.0,2025-09-11,121,24
"ek gang ke crime se terrorism prove nahi hota, agar hota to UN ne ban lagaya hota.",0,hate_speech_tsv,0,hinglish,v1.0,2025-09-11,82,17
"waise to shia sunni apas me ladate rahate hain iraq iran me, lekin wah terrorism nahi kaha gaya.",0,hate_speech_tsv,0,hinglish,v1.0,2025-09-11,96,18
"aur us ek gang ke upar bhee ilzam hai, ilzam politically motivated ho saka hai.islamic terrorism worldwide hai",0,hate_speech_tsv,0,hinglish,v1.0,2025-09-11,110,18
akhilesh se rape ka sawal pochne pe apko bahut bura lag raha hai jaise UP crime free hai aur log yu hi sawal kar rahe hain,0,hate_speech_tsv,0,hinglish,v1.0,2025-09-11,122,26
"Islamic terrorism puri duia me ek bada problem hai, aur sab jagah muslims utpat macha rahe hain",0,hate_speech_tsv,0,hinglish,v1.0,2025-09-11,95,17
"lekin ek gang aur kuch logon ke hone se koi hindu terrorism prove nahi hota,",0,hate_speech_tsv,0,hinglish,v1.0,2025-09-11,76,15
"Choti si pradesh gujurat me satadhari party ke sevak lok jab aurato ko rape karte he, black mail kar rahe he to kanun bebadta thika he https://twitter.com/AjayKushwaha_/status/831482730428919810 …",0,hate_speech_tsv,0,hinglish,v1.0,2025-09-11,196,28
reject karna tha to seedha bol deti.. Murder karwane ki kya jarurat thi  @_GlossyLipss,0,hate_speech_tsv,0,hinglish,v1.0,2025-09-11,86,14
Islamic terrorism ek worldwide phenomena hai aur labbhag har desh ke muslims isame shamil hain,0,hate_speech_tsv,0,hinglish,v1.0,2025-09-11,94,15
Rakesh ji apne aakaon ko samjhao WO apne knowledge ko desh ki unity & progress ke liye use Karen kab take minority se nafrat karoge,0,hate_speech_tsv,0,hinglish,v1.0,2025-09-11,131,25
"ek kisi gang ke hone se terrorism ka hona sidh nahi hota, unlogon ka koi terrorist network nahi.",0,hate_speech_tsv,0,hinglish,v1.0,2025-09-11,96,18
@15lakh100days Abe dhakan Islam sirf 1400 saal purana hai/tum Sab ko rape karke/marke conversion karke mulla banaya @SandipRnc https://twitter.com/15lakh100days/status/831525420562579456 …,0,hate_speech_tsv,0,hinglish,v1.0,2025-09-11,188,20
Aur islamic terrorism worldwide phenomena hai tu ATS ke peeche laga hai jaise ATS hee sab kuch hai?,0,hate_speech_tsv,0,hinglish,v1.0,2025-09-11,99,18
terrorism ka koi dharm nehi hota aur tere hai sasti rand k bachcho ka koi name nehi hota..,0,hate_speech_tsv,0,hinglish,v1.0,2025-09-11,90,18
"tuk to gaya na, jo ruk gaya to woh terrorism kaise hua/ aur jo ruk gaya usako tu ghont kyon raha hai.",0,hate_speech_tsv,0,hinglish,v1.0,2025-09-11,101,22
Baleegh ur Rehman ka rape chal raha hai Hamir Mir k show mai.,0,hate_speech_tsv,0,hinglish,v1.0,2025-09-11,61,13
"11 logon se terrorism nahi hoti, you dumb, haan ek gang ban skata hai,",0,hate_speech_tsv,0,hinglish,v1.0,2025-09-11,70,14
to karekarey sahab ka naam kyoun na lun jis ne hindu terrorism ka parda faash kiya,0,hate_speech_tsv,0,hinglish,v1.0,2025-09-11,82,16
"haan hum to bhakt hai terrorist thode hain tumhari taraha, terrorism to tumhari khoon me hai.",0,hate_speech_tsv,0,hinglish,v1.0,2025-09-11,93,16
"Islamic terrorism ka to roj pardafash hota hai to rukana chahiye tha,",0,hate_speech_tsv,0,hinglish,v1.0,2025-09-11,69,12
mere jism ka khoon ka akhiro qatra quraban ho rasool pe aur tumhara pura body ganga nadi pe hahaha,0,hate_speech_tsv,0,hinglish,v1.0,2025-09-11,98,19
UP ke Law n Order Ki To le ke rakhi hai,0,hate_speech_tsv,0,hinglish,v1.0,2025-09-11,39,11
Gundagardi murder rape... http://fb.me/2X1unmAUp ,0,hate_speech_tsv,0,hinglish,v1.0,2025-09-11,49,4
aaye din terrorists attack ho rahe hain wahan se Islamic terrorism ka pata hota hai mere kahane se nahi.,0,hate_speech_tsv,0,hinglish,v1.0,2025-09-11,104,19
hadd toh tab hogayi jab uski frnd ne bola ki annika ka murder kyu nahi hojata hadi wadi bolte the usse,0,hate_speech_tsv,0,hinglish,v1.0,2025-09-11,102,21
Tumhare certificate ki zaroorat nahi,0,hate_speech_tsv,0,hinglish,v1.0,2025-09-11,36,5
Muje seasat se bhot nafrat hai phans gaya account bana k jab open karun account hazer imran nawaz humza sub ki he post aa jati hai,1,hate_speech_tsv,0,hinglish,v1.0,2025-09-11,130,26
kyonkti tu woh bola raha hai jo hai nahi. Muslims terrorism worldwide hai aur tu thop raha hai dusaron par,0,hate_speech_tsv,0,hinglish,v1.0,2025-09-11,106,20
mujhe v Mann karta hai murder kar du,0,hate_speech_tsv,0,hinglish,v1.0,2025-09-11,36,8
Islamic terrorism puri dunia me hai aur hazaron lakhon Mulsims isame involved hain kewal kuch group nahi,0,hate_speech_tsv,0,hinglish,v1.0,2025-09-11,104,17
"ek do ghatna se terrorism ka hona proof nahi hota, terrorism ek continuous phenomenoa hai aur organized",0,hate_speech_tsv,0,hinglish,v1.0,2025-09-11,103,17
"aaj ke din me islamic terrorism ke alava koi aur terrorism nahi hai, agar hai to tu bata sakta hai kidhara hai?",0,hate_speech_tsv,0,hinglish,v1.0,2025-09-11,111,22
MADARSON KO TERRORISM SE JORHNE WALA KHUD TERRORIST HAI.,0,hate_speech_tsv,0,hinglish,v1.0,2025-09-11,56,9
Tamam indians chaahte hen k.hum piyaar muhabbat se rahen.. or tum nafrat ke beej bo rahe ho... shame on u @TarekFatah,0,hate_speech_tsv,0,hinglish,v1.0,2025-09-11,117,21
Woh suna hai tumhare faujion ko unke senior rape karte hain?,0,hate_speech_tsv,0,hinglish,v1.0,2025-09-11,60,11
Niazi HaramKhor Pakistan ko Terrorism mai dhkail raha hai,0,hate_speech_tsv,0,hinglish,v1.0,2025-09-11,57,9
"#BanFatahkFatwa, is dor ka sab se begerat chainal zee news hai jis ne tarikh fatha ko bula kr nafrat phela rha hai#BanFatahKaFatwa",0,hate_speech_tsv,0,hinglish,v1.0,2025-09-11,130,22
Is @TarekFatah ko hamare sanvidhan aur desh ki fikr hoti to aaj ye ZeeNews pe beth ke nafrat ka bazaar na faila raha hota #BanFatahKaFatwa,0,hate_speech_tsv,0,hinglish,v1.0,2025-09-11,138,25
Wait karte raho sir ek din Hate Story bhi aayegi,0,hate_speech_tsv,0,hinglish,v1.0,2025-09-11,48,10
Hamare yaha Red balloons bechne walay jail pohanch jatay hain lekn khoon bahanay walay sarko par ghoomtay hain.,0,hate_speech_tsv,0,hinglish,v1.0,2025-09-11,111,18
Ye love hai to kya hum hate hain :(,0,hate_speech_tsv,0,hinglish,v1.0,2025-09-11,35,9
Bc terrorism ko kis se compare kr rha h :/,0,hate_speech_tsv,0,hinglish,v1.0,2025-09-11,42,10
Kiu kuch log chehre pr dohra chehra lekr ghumte h jese h wese kiu nhi dikhte sabke samne kuch or alag m kuch not i just hate them,1,hate_speech_tsv,0,hinglish,v1.0,2025-09-11,129,28
Tumere Did may hate laggakor deko Garv zoorur milaga,0,hate_speech_tsv,0,hinglish,v1.0,2025-09-11,52,9
Tweetr pe murder ki planning padh li to ghar aake utha lenge muje,0,hate_speech_tsv,0,hinglish,v1.0,2025-09-11,65,13
tumhara program sirf nafrat phailata hai#banfatahkafatwa,0,hate_speech_tsv,0,hinglish,v1.0,2025-09-11,56,6
@TarekFatah hate monger hy apni hate speech ki wajeh se arrest bhi ho chuka hy @Support #suspendtarekfatahacc @SushmaSwaraj #BanFatahKaFatwa,0,hate_speech_tsv,0,hinglish,v1.0,2025-09-11,140,19
"I hate it when people do ""ARAY AAP LEIN NA"" ""ARAY NAE NAE AAP LEIN"" on dining table. Lao bhai mujhey bhook lag rahi hai pehley mujhey de dou",1,hate_speech_tsv,0,hinglish,v1.0,2025-09-11,140,29
Nafrat phailane wala ye propaganda band hona chahiye.,0,hate_speech_tsv,0,hinglish,v1.0,2025-09-11,53,8
"Ab itni bhi kya nafrat hai yaar, when is this trend going to stop convicted hogayi bas qissa khatm kro #closethechapter #SasikalaConvicted",0,hate_speech_tsv,0,hinglish,v1.0,2025-09-11,138,22
Twitter par hum bhi 5-6 Saal se hai kyun suspend nahi huwe? Hatred aur fake videos or news post karoge to suspend to honge hi,0,hate_speech_tsv,0,hinglish,v1.0,2025-09-11,125,25
"njab hindu terrorism ki khabar aaye to ankh awr kaan band kar lena, jayse 11 bharat mata k log pakistan mata ki",0,hate_speech_tsv,0,hinglish,v1.0,2025-09-11,111,22
jin ka eman bik chuka ho un ko blasts se kya faraq parta hai in ko sb pata hota hai lekin phr b khamosh,0,hate_speech_tsv,0,hinglish,v1.0,2025-09-11,103,24
6 saal ki bachi ka rape kar k naalay me phenk dete hain log us pr Emaan nahi jaagta but okay valentines day is... http://fb.me/8tVhW8Fmq ,0,hate_speech_tsv,0,hinglish,v1.0,2025-09-11,137,25
tarik fateh .....agar aap sahi job karte to hindu muslim ke same same tweet hote...tweet hi se lagta hai ke aap nafrat phela rahe ho,0,hate_speech_tsv,0,hinglish,v1.0,2025-09-11,132,25
innovation unake khoon kae katrae katrae mein hain .,0,hate_speech_tsv,0,hinglish,v1.0,2025-09-11,52,9
hone do bhai suspend dono side se. Kachra khtm hoga. Bht hi jyada hate spread kr rkhi in chutiyon se logo k bech,0,hate_speech_tsv,0,hinglish,v1.0,2025-09-11,112,23
"Sahi Kaha Rohit Bemula,Akhlakh Dadri, Nirbhaya rape victim 10k inam, JNU support to afajal premi ye sabhi pap ki nadi par ki",0,hate_speech_tsv,0,hinglish,v1.0,2025-09-11,124,22